-- MySQL dump 10.13  Distrib 5.7.24, for macos10.14 (x86_64)
--
-- Host: localhost    Database: recipe_DB
-- ------------------------------------------------------
-- Server version	5.7.24

/*!40101 SET @OLD_CHARACTER_SET_CLIENT=@@CHARACTER_SET_CLIENT */;
/*!40101 SET @OLD_CHARACTER_SET_RESULTS=@@CHARACTER_SET_RESULTS */;
/*!40101 SET @OLD_COLLATION_CONNECTION=@@COLLATION_CONNECTION */;
/*!40101 SET NAMES utf8 */;
/*!40103 SET @OLD_TIME_ZONE=@@TIME_ZONE */;
/*!40103 SET TIME_ZONE='+00:00' */;
/*!40014 SET @OLD_UNIQUE_CHECKS=@@UNIQUE_CHECKS, UNIQUE_CHECKS=0 */;
/*!40014 SET @OLD_FOREIGN_KEY_CHECKS=@@FOREIGN_KEY_CHECKS, FOREIGN_KEY_CHECKS=0 */;
/*!40101 SET @OLD_SQL_MODE=@@SQL_MODE, SQL_MODE='NO_AUTO_VALUE_ON_ZERO' */;
/*!40111 SET @OLD_SQL_NOTES=@@SQL_NOTES, SQL_NOTES=0 */;

--
-- Table structure for table `Ingredients`
--

DROP TABLE IF EXISTS `Ingredients`;
/*!40101 SET @saved_cs_client     = @@character_set_client */;
/*!40101 SET character_set_client = utf8 */;
CREATE TABLE `Ingredients` (
  `id` int(11) NOT NULL AUTO_INCREMENT,
  `label` varchar(255) NOT NULL,
  `used` tinyint(1) DEFAULT '0',
  `createdAt` datetime NOT NULL,
  `updatedAt` datetime NOT NULL,
  `UserId` int(11) NOT NULL,
  PRIMARY KEY (`id`),
  KEY `UserId` (`UserId`),
  CONSTRAINT `ingredients_ibfk_1` FOREIGN KEY (`UserId`) REFERENCES `Users` (`id`) ON DELETE NO ACTION ON UPDATE CASCADE
) ENGINE=InnoDB AUTO_INCREMENT=30 DEFAULT CHARSET=latin1;
/*!40101 SET character_set_client = @saved_cs_client */;

--
-- Dumping data for table `Ingredients`
--

LOCK TABLES `Ingredients` WRITE;
/*!40000 ALTER TABLE `Ingredients` DISABLE KEYS */;
INSERT INTO `Ingredients` VALUES (8,'broccoli',0,'2018-12-05 05:43:40','2018-12-05 05:43:40',2),(18,'chicken',0,'2018-12-09 01:48:46','2018-12-09 01:48:46',3),(19,'BEEF',0,'2018-12-09 01:48:50','2018-12-09 01:48:50',3),(20,'spicy chicken',0,'2018-12-09 01:49:05','2018-12-09 01:49:05',3),(21,'chicken',0,'2018-12-09 03:24:47','2018-12-09 03:24:47',4),(22,'spicy chicken',0,'2018-12-09 03:24:52','2018-12-09 03:24:52',4),(24,'chicken',0,'2018-12-09 05:09:10','2018-12-09 05:09:10',1),(25,'orange',0,'2018-12-09 05:09:13','2018-12-09 05:09:13',1),(26,'kale',0,'2018-12-09 05:09:15','2018-12-09 05:09:15',1),(27,'tomato',0,'2018-12-09 05:09:44','2018-12-09 05:09:44',1),(28,'beef',0,'2018-12-09 05:09:50','2018-12-09 05:09:50',1),(29,'vodka',0,'2018-12-09 05:17:21','2018-12-09 05:17:21',1);
/*!40000 ALTER TABLE `Ingredients` ENABLE KEYS */;
UNLOCK TABLES;

--
-- Table structure for table `Recipes`
--

DROP TABLE IF EXISTS `Recipes`;
/*!40101 SET @saved_cs_client     = @@character_set_client */;
/*!40101 SET character_set_client = utf8 */;
CREATE TABLE `Recipes` (
  `id` int(11) NOT NULL AUTO_INCREMENT,
  `label` varchar(255) DEFAULT NULL,
  `image` varchar(255) DEFAULT NULL,
  `url` varchar(255) DEFAULT NULL,
  `calories` int(11) DEFAULT NULL,
  `time` int(11) DEFAULT NULL,
  `servings` int(11) DEFAULT NULL,
  `createdAt` datetime NOT NULL,
  `updatedAt` datetime NOT NULL,
  `UserId` int(11) NOT NULL,
  PRIMARY KEY (`id`),
  KEY `UserId` (`UserId`),
  CONSTRAINT `recipes_ibfk_1` FOREIGN KEY (`UserId`) REFERENCES `Users` (`id`) ON DELETE NO ACTION ON UPDATE CASCADE
) ENGINE=InnoDB AUTO_INCREMENT=31 DEFAULT CHARSET=latin1;
/*!40101 SET character_set_client = @saved_cs_client */;

--
-- Dumping data for table `Recipes`
--

LOCK TABLES `Recipes` WRITE;
/*!40000 ALTER TABLE `Recipes` DISABLE KEYS */;
INSERT INTO `Recipes` VALUES (24,'Steak Teriyaki','https://www.edamam.com/web-img/fb0/fb02d0f4a6ccbdd9c013294b42e0ea07.jpg','http://www.simplyrecipes.com/recipes/steak_teriyaki/',1743,0,4,'2018-12-09 01:56:29','2018-12-09 01:56:29',3),(25,'Korean Steak','https://www.edamam.com/web-img/986/986f2123b00fe72cfd5dda80d67467f8.jpg','http://leitesculinaria.com/80973/recipes-korean-steak.html',2345,0,4,'2018-12-09 01:56:29','2018-12-09 01:56:29',3),(27,'Chicken & Orange Salad','https://www.edamam.com/web-img/887/887033fd37dbfb7602972ebe3bbbd5fc.jpg','http://www.bbcgoodfood.com/recipes/4648/',1065,0,2,'2018-12-09 06:40:32','2018-12-09 06:40:32',1),(30,'Grilled Kale','https://www.edamam.com/web-img/19e/19e5ea32ef3e12bdd4ba0abc04797ed0.jpg','http://leitesculinaria.com/86679/recipes-grilled-kale.html',436,0,4,'2018-12-09 16:17:28','2018-12-09 16:17:28',1);
/*!40000 ALTER TABLE `Recipes` ENABLE KEYS */;
UNLOCK TABLES;

--
-- Table structure for table `Searches`
--

DROP TABLE IF EXISTS `Searches`;
/*!40101 SET @saved_cs_client     = @@character_set_client */;
/*!40101 SET character_set_client = utf8 */;
CREATE TABLE `Searches` (
  `id` int(11) NOT NULL AUTO_INCREMENT,
  `label` varchar(255) NOT NULL,
  `createdAt` datetime NOT NULL,
  `updatedAt` datetime NOT NULL,
  `UserId` int(11) NOT NULL,
  PRIMARY KEY (`id`),
  KEY `UserId` (`UserId`),
  CONSTRAINT `searches_ibfk_1` FOREIGN KEY (`UserId`) REFERENCES `Users` (`id`) ON DELETE NO ACTION ON UPDATE CASCADE
) ENGINE=InnoDB AUTO_INCREMENT=297 DEFAULT CHARSET=latin1;
/*!40101 SET character_set_client = @saved_cs_client */;

--
-- Dumping data for table `Searches`
--

LOCK TABLES `Searches` WRITE;
/*!40000 ALTER TABLE `Searches` DISABLE KEYS */;
INSERT INTO `Searches` VALUES (1,'pasta','2018-12-05 05:31:01','2018-12-05 05:31:01',2),(2,'cheese','2018-12-05 05:31:01','2018-12-05 05:31:01',2),(3,'bacon','2018-12-05 05:31:01','2018-12-05 05:31:01',2),(4,'pasta','2018-12-05 05:33:01','2018-12-05 05:33:01',2),(5,'cheese','2018-12-05 05:33:01','2018-12-05 05:33:01',2),(6,'bacon','2018-12-05 05:33:01','2018-12-05 05:33:01',2),(7,'eggs','2018-12-05 05:40:21','2018-12-05 05:40:21',2),(8,'milk','2018-12-05 05:40:21','2018-12-05 05:40:21',2),(9,'broccoli','2018-12-05 05:43:55','2018-12-05 05:43:55',2),(10,'chicken','2018-12-05 05:43:55','2018-12-05 05:43:55',2),(11,'broccoli','2018-12-05 05:45:55','2018-12-05 05:45:55',2),(12,'chicken','2018-12-05 05:45:55','2018-12-05 05:45:55',2),(13,'cheese','2018-12-05 05:50:25','2018-12-05 05:50:25',2),(14,'broccoli','2018-12-05 05:50:25','2018-12-05 05:50:25',2),(15,'broccoli','2018-12-05 06:00:09','2018-12-05 06:00:09',2),(16,'chicken','2018-12-05 06:00:09','2018-12-05 06:00:09',2),(17,'salsa','2018-12-06 00:34:15','2018-12-06 00:34:15',1),(18,'salmon','2018-12-06 00:34:15','2018-12-06 00:34:15',1),(19,'pasta','2018-12-06 00:35:17','2018-12-06 00:35:17',1),(20,'beef','2018-12-06 00:35:17','2018-12-06 00:35:17',1),(21,'pasta','2018-12-06 00:44:05','2018-12-06 00:44:05',1),(22,'cheese','2018-12-06 00:44:05','2018-12-06 00:44:05',1),(23,'cheese','2018-12-06 00:49:38','2018-12-06 00:49:38',1),(24,'bacon','2018-12-06 00:49:38','2018-12-06 00:49:38',1),(25,'bacon','2018-12-06 00:50:57','2018-12-06 00:50:57',1),(26,'chicken','2018-12-06 00:50:57','2018-12-06 00:50:57',1),(27,'eggs','2018-12-06 00:55:46','2018-12-06 00:55:46',1),(28,'milk','2018-12-06 00:55:46','2018-12-06 00:55:46',1),(29,'eggs','2018-12-06 00:57:11','2018-12-06 00:57:11',1),(30,'milk','2018-12-06 00:57:11','2018-12-06 00:57:11',1),(31,'eggs','2018-12-06 01:00:34','2018-12-06 01:00:34',1),(32,'milk','2018-12-06 01:00:34','2018-12-06 01:00:34',1),(33,'eggs','2018-12-06 01:02:38','2018-12-06 01:02:38',1),(34,'milk','2018-12-06 01:02:38','2018-12-06 01:02:38',1),(35,'eggs','2018-12-06 01:04:59','2018-12-06 01:04:59',1),(36,'milk','2018-12-06 01:04:59','2018-12-06 01:04:59',1),(37,'chicken','2018-12-06 01:06:24','2018-12-06 01:06:24',1),(38,'salsa','2018-12-06 01:06:24','2018-12-06 01:06:24',1),(39,'chicken','2018-12-06 01:24:02','2018-12-06 01:24:02',1),(40,'kale','2018-12-06 01:24:02','2018-12-06 01:24:02',1),(41,'pasta','2018-12-06 01:30:06','2018-12-06 01:30:06',1),(42,'cheese','2018-12-06 01:30:06','2018-12-06 01:30:06',1),(43,'pasta','2018-12-06 02:48:20','2018-12-06 02:48:20',1),(44,'cheese','2018-12-06 02:48:20','2018-12-06 02:48:20',1),(45,'chicken','2018-12-06 04:45:35','2018-12-06 04:45:35',1),(46,'salsa','2018-12-06 04:45:35','2018-12-06 04:45:35',1),(47,'orange','2018-12-06 04:56:56','2018-12-06 04:56:56',1),(48,'apple','2018-12-06 04:56:56','2018-12-06 04:56:56',1),(49,'banana','2018-12-06 04:56:56','2018-12-06 04:56:56',1),(50,'orange','2018-12-06 04:59:20','2018-12-06 04:59:20',1),(51,'apple','2018-12-06 04:59:20','2018-12-06 04:59:20',1),(52,'banana','2018-12-06 04:59:20','2018-12-06 04:59:20',1),(53,'orange','2018-12-06 05:02:31','2018-12-06 05:02:31',1),(54,'apple','2018-12-06 05:02:31','2018-12-06 05:02:31',1),(55,'banana','2018-12-06 05:02:31','2018-12-06 05:02:31',1),(56,'orange','2018-12-06 05:03:42','2018-12-06 05:03:42',1),(57,'apple','2018-12-06 05:03:42','2018-12-06 05:03:42',1),(58,'banana','2018-12-06 05:03:42','2018-12-06 05:03:42',1),(59,'orange','2018-12-06 05:05:42','2018-12-06 05:05:42',1),(60,'apple','2018-12-06 05:05:42','2018-12-06 05:05:42',1),(61,'banana','2018-12-06 05:05:42','2018-12-06 05:05:42',1),(62,'chicken (11%)','2018-12-06 05:08:39','2018-12-06 05:08:39',1),(63,'orange','2018-12-06 05:08:39','2018-12-06 05:08:39',1),(64,'chicken (11%)','2018-12-06 05:09:24','2018-12-06 05:09:24',1),(65,'chicken','2018-12-06 05:11:04','2018-12-06 05:11:04',1),(66,'orange','2018-12-06 05:11:04','2018-12-06 05:11:04',1),(67,'pasta','2018-12-06 05:12:30','2018-12-06 05:12:30',1),(68,'orange','2018-12-06 05:12:30','2018-12-06 05:12:30',1),(69,'pasta','2018-12-06 05:12:48','2018-12-06 05:12:48',1),(70,'orange','2018-12-06 05:12:48','2018-12-06 05:12:48',1),(71,'pasta','2018-12-06 05:21:55','2018-12-06 05:21:55',1),(72,'pasta','2018-12-06 05:28:32','2018-12-06 05:28:32',1),(73,'steak','2018-12-06 05:28:32','2018-12-06 05:28:32',1),(74,'pasta','2018-12-06 05:32:00','2018-12-06 05:32:00',1),(75,'cheese','2018-12-06 05:32:00','2018-12-06 05:32:00',1),(76,'pasta','2018-12-06 05:32:48','2018-12-06 05:32:48',1),(77,'cheese','2018-12-06 05:32:48','2018-12-06 05:32:48',1),(78,'pasta','2018-12-07 00:38:10','2018-12-07 00:38:10',1),(79,'cheese','2018-12-07 00:38:10','2018-12-07 00:38:10',1),(80,'orange','2018-12-07 00:41:17','2018-12-07 00:41:17',1),(81,'apple','2018-12-07 00:41:17','2018-12-07 00:41:17',1),(82,'orange','2018-12-07 00:43:17','2018-12-07 00:43:17',1),(83,'apple','2018-12-07 00:43:17','2018-12-07 00:43:17',1),(84,'banana','2018-12-07 00:44:17','2018-12-07 00:44:17',1),(85,'steak','2018-12-07 00:44:17','2018-12-07 00:44:17',1),(86,'chicken','2018-12-07 00:44:54','2018-12-07 00:44:54',1),(87,'steak','2018-12-07 00:44:54','2018-12-07 00:44:54',1),(88,'orange','2018-12-07 00:51:57','2018-12-07 00:51:57',1),(89,'steak','2018-12-07 00:51:57','2018-12-07 00:51:57',1),(90,'pasta','2018-12-07 01:59:45','2018-12-07 01:59:45',1),(91,'pasta','2018-12-07 02:01:45','2018-12-07 02:01:45',1),(92,'pasta','2018-12-07 02:55:52','2018-12-07 02:55:52',1),(93,'pasta','2018-12-07 04:45:07','2018-12-07 04:45:07',1),(94,'orange','2018-12-07 04:46:29','2018-12-07 04:46:29',1),(95,'orange','2018-12-07 04:48:29','2018-12-07 04:48:29',1),(96,'apple','2018-12-07 04:48:51','2018-12-07 04:48:51',1),(97,'apple','2018-12-07 04:50:51','2018-12-07 04:50:51',1),(98,'orange','2018-12-07 04:55:20','2018-12-07 04:55:20',1),(99,'orange','2018-12-07 04:58:15','2018-12-07 04:58:15',1),(100,'  chicken  ','2018-12-07 05:00:22','2018-12-07 05:00:22',1),(101,'  pasta  ','2018-12-08 13:47:31','2018-12-08 13:47:31',1),(102,'  pasta  ','2018-12-08 13:48:11','2018-12-08 13:48:11',1),(103,'  pasta  ','2018-12-08 13:49:11','2018-12-08 13:49:11',1),(104,'  chicken  ','2018-12-08 13:53:37','2018-12-08 13:53:37',1),(105,'  chicken  ','2018-12-08 13:54:31','2018-12-08 13:54:31',1),(106,'  chicken  ','2018-12-08 13:56:31','2018-12-08 13:56:31',1),(107,'  chicken  ','2018-12-08 13:59:55','2018-12-08 13:59:55',1),(108,'  chicken  ','2018-12-08 14:01:01','2018-12-08 14:01:01',1),(109,'  chicken  ','2018-12-08 14:03:01','2018-12-08 14:03:01',1),(110,'  chicken  ','2018-12-08 14:03:24','2018-12-08 14:03:24',1),(111,'  chicken  ','2018-12-08 14:05:24','2018-12-08 14:05:24',1),(112,'steak','2018-12-08 14:09:22','2018-12-08 14:09:22',1),(113,'banana','2018-12-08 14:11:50','2018-12-08 14:11:50',1),(114,'steak','2018-12-08 14:12:53','2018-12-08 14:12:53',1),(115,'steak','2018-12-08 14:14:53','2018-12-08 14:14:53',1),(116,'  chicken  ','2018-12-08 14:16:42','2018-12-08 14:16:42',1),(117,'  orange  ','2018-12-08 14:18:32','2018-12-08 14:18:32',1),(118,'banana','2018-12-08 14:23:56','2018-12-08 14:23:56',1),(119,'steak','2018-12-08 14:25:32','2018-12-08 14:25:32',1),(120,'steak','2018-12-08 14:25:41','2018-12-08 14:25:41',1),(121,'steak','2018-12-08 14:27:41','2018-12-08 14:27:41',1),(122,'steak','2018-12-08 14:29:04','2018-12-08 14:29:04',1),(123,'steak','2018-12-08 14:29:46','2018-12-08 14:29:46',1),(124,'orange','2018-12-08 14:31:51','2018-12-08 14:31:51',1),(125,'orange','2018-12-08 14:33:30','2018-12-08 14:33:30',1),(126,'  steak  ','2018-12-08 14:34:50','2018-12-08 14:34:50',1),(127,'  steak  ','2018-12-08 14:36:50','2018-12-08 14:36:50',1),(128,'steak','2018-12-08 14:37:03','2018-12-08 14:37:03',1),(129,'steak','2018-12-08 14:39:03','2018-12-08 14:39:03',1),(130,'  steak  ','2018-12-08 14:39:47','2018-12-08 14:39:47',1),(131,'  pasta  ','2018-12-08 14:44:35','2018-12-08 14:44:35',1),(132,'  steak  ','2018-12-08 14:45:00','2018-12-08 14:45:00',1),(133,'  orange  ','2018-12-08 14:50:09','2018-12-08 14:50:09',1),(134,'banana','2018-12-08 14:51:30','2018-12-08 14:51:30',1),(135,'chicken','2018-12-08 14:52:38','2018-12-08 14:52:38',1),(136,'chicken','2018-12-08 14:54:22','2018-12-08 14:54:22',1),(137,'chicken','2018-12-08 14:55:22','2018-12-08 14:55:22',1),(138,'chicken','2018-12-08 14:57:53','2018-12-08 14:57:53',1),(139,'chicken','2018-12-08 14:59:00','2018-12-08 14:59:00',1),(140,'chicken','2018-12-08 14:59:44','2018-12-08 14:59:44',1),(141,'chicken','2018-12-08 15:01:44','2018-12-08 15:01:44',1),(142,'steak','2018-12-08 15:06:05','2018-12-08 15:06:05',1),(143,'steak','2018-12-08 15:09:07','2018-12-08 15:09:07',1),(144,'orange','2018-12-08 16:23:16','2018-12-08 16:23:16',1),(145,'banana','2018-12-08 16:23:16','2018-12-08 16:23:16',1),(146,'whiskey','2018-12-08 16:23:39','2018-12-08 16:23:39',1),(147,'coke','2018-12-08 16:23:39','2018-12-08 16:23:39',1),(148,'  orange  ','2018-12-08 16:29:38','2018-12-08 16:29:38',1),(149,'  chicken  ','2018-12-08 16:30:57','2018-12-08 16:30:57',1),(150,'  steak  ','2018-12-08 16:30:57','2018-12-08 16:30:57',1),(151,'  orange  ','2018-12-08 16:31:19','2018-12-08 16:31:19',1),(152,'  steak  ','2018-12-08 16:31:19','2018-12-08 16:31:19',1),(153,'  chicken  ','2018-12-08 16:31:19','2018-12-08 16:31:19',1),(154,'coke','2018-12-08 16:35:35','2018-12-08 16:35:35',1),(155,'whiskey','2018-12-08 16:36:28','2018-12-08 16:36:28',1),(156,'coke','2018-12-08 16:36:39','2018-12-08 16:36:39',1),(157,'coke','2018-12-08 16:37:34','2018-12-08 16:37:34',1),(158,'coke','2018-12-08 16:37:41','2018-12-08 16:37:41',1),(159,'coke','2018-12-08 16:38:27','2018-12-08 16:38:27',1),(160,'coke','2018-12-08 16:39:25','2018-12-08 16:39:25',1),(161,'coke','2018-12-08 16:53:03','2018-12-08 16:53:03',1),(162,'coke','2018-12-08 16:54:25','2018-12-08 16:54:25',1),(163,'coke','2018-12-08 16:55:05','2018-12-08 16:55:05',1),(164,'coke','2018-12-08 16:55:49','2018-12-08 16:55:49',1),(165,'coke','2018-12-08 16:56:21','2018-12-08 16:56:21',1),(166,'coke','2018-12-08 16:57:38','2018-12-08 16:57:38',1),(167,'  chicken  ','2018-12-08 18:00:42','2018-12-08 18:00:42',1),(168,'  chicken  ','2018-12-08 20:49:17','2018-12-08 20:49:17',1),(169,'  orange  ','2018-12-08 20:59:47','2018-12-08 20:59:47',1),(170,'  pasta  ','2018-12-08 20:59:47','2018-12-08 20:59:47',1),(171,'spicy chicken','2018-12-09 01:50:02','2018-12-09 01:50:02',3),(172,'  steak  ','2018-12-09 01:55:29','2018-12-09 01:55:29',3),(173,'beef','2018-12-09 01:57:06','2018-12-09 01:57:06',3),(174,'beef','2018-12-09 01:57:13','2018-12-09 01:57:13',3),(175,'whiskey','2018-12-09 04:51:45','2018-12-09 04:51:45',1),(176,'coke','2018-12-09 04:53:26','2018-12-09 04:53:26',1),(177,'coke','2018-12-09 04:55:26','2018-12-09 04:55:26',1),(178,'  pasta  ','2018-12-09 04:55:38','2018-12-09 04:55:38',1),(179,'  orange  ','2018-12-09 04:56:26','2018-12-09 04:56:26',1),(180,'  steak  ','2018-12-09 04:57:01','2018-12-09 04:57:01',1),(181,'orange','2018-12-09 04:57:49','2018-12-09 04:57:49',1),(182,'orange','2018-12-09 04:59:49','2018-12-09 04:59:49',1),(183,'  steak  ','2018-12-09 05:00:24','2018-12-09 05:00:24',1),(184,'  steak  ','2018-12-09 05:01:06','2018-12-09 05:01:06',1),(185,'whiskey','2018-12-09 05:01:32','2018-12-09 05:01:32',1),(186,'  pasta  ','2018-12-09 05:02:17','2018-12-09 05:02:17',1),(187,'  pasta  ','2018-12-09 05:02:53','2018-12-09 05:02:53',1),(188,'  chicken  ','2018-12-09 05:03:43','2018-12-09 05:03:43',1),(189,'  chicken  ','2018-12-09 05:05:43','2018-12-09 05:05:43',1),(190,'kale','2018-12-09 05:23:59','2018-12-09 05:23:59',1),(191,'vodka','2018-12-09 05:26:06','2018-12-09 05:26:06',1),(192,'vodka','2018-12-09 05:28:06','2018-12-09 05:28:06',1),(193,'tomato','2018-12-09 05:30:37','2018-12-09 05:30:37',1),(194,'beef','2018-12-09 05:30:37','2018-12-09 05:30:37',1),(195,'  chicken  ','2018-12-09 05:35:31','2018-12-09 05:35:31',1),(196,'  chicken  ','2018-12-09 05:37:31','2018-12-09 05:37:31',1),(197,'kale','2018-12-09 05:37:51','2018-12-09 05:37:51',1),(198,'  orange  ','2018-12-09 05:39:17','2018-12-09 05:39:17',1),(199,'    chicken    ','2018-12-09 05:39:17','2018-12-09 05:39:17',1),(200,'  chicken  ','2018-12-09 05:39:17','2018-12-09 05:39:17',1),(201,'kale','2018-12-09 05:40:29','2018-12-09 05:40:29',1),(202,'tomato','2018-12-09 05:40:29','2018-12-09 05:40:29',1),(203,'beef','2018-12-09 05:43:07','2018-12-09 05:43:07',1),(204,'beef','2018-12-09 05:45:07','2018-12-09 05:45:07',1),(205,'    chicken    ','2018-12-09 05:46:38','2018-12-09 05:46:38',1),(206,'  chicken  ','2018-12-09 05:46:38','2018-12-09 05:46:38',1),(207,'    chicken    ','2018-12-09 05:48:38','2018-12-09 05:48:38',1),(208,'  chicken  ','2018-12-09 05:48:38','2018-12-09 05:48:38',1),(209,'tomato','2018-12-09 05:49:55','2018-12-09 05:49:55',1),(210,'chicken','2018-12-09 05:50:05','2018-12-09 05:50:05',1),(211,'chicken','2018-12-09 05:51:04','2018-12-09 05:51:04',1),(212,'chicken','2018-12-09 05:52:36','2018-12-09 05:52:36',1),(213,'orange','2018-12-09 05:52:36','2018-12-09 05:52:36',1),(214,'chicken','2018-12-09 05:53:48','2018-12-09 05:53:48',1),(215,'orange','2018-12-09 05:53:48','2018-12-09 05:53:48',1),(216,'chicken','2018-12-09 05:54:46','2018-12-09 05:54:46',1),(217,'orange','2018-12-09 05:54:46','2018-12-09 05:54:46',1),(218,'chicken','2018-12-09 05:55:38','2018-12-09 05:55:38',1),(219,'orange','2018-12-09 05:55:38','2018-12-09 05:55:38',1),(220,'chicken','2018-12-09 05:58:07','2018-12-09 05:58:07',1),(221,'chicken','2018-12-09 05:58:44','2018-12-09 05:58:44',1),(222,'orange','2018-12-09 05:58:44','2018-12-09 05:58:44',1),(223,'chicken','2018-12-09 06:00:44','2018-12-09 06:00:44',1),(224,'orange','2018-12-09 06:00:44','2018-12-09 06:00:44',1),(225,'chicken','2018-12-09 06:02:07','2018-12-09 06:02:07',1),(226,'orange','2018-12-09 06:02:07','2018-12-09 06:02:07',1),(227,'chicken','2018-12-09 06:02:36','2018-12-09 06:02:36',1),(228,'orange','2018-12-09 06:02:36','2018-12-09 06:02:36',1),(229,'chicken','2018-12-09 06:03:41','2018-12-09 06:03:41',1),(230,'orange','2018-12-09 06:03:41','2018-12-09 06:03:41',1),(231,'chicken','2018-12-09 06:05:51','2018-12-09 06:05:51',1),(232,'orange','2018-12-09 06:05:51','2018-12-09 06:05:51',1),(233,'chicken','2018-12-09 06:07:51','2018-12-09 06:07:51',1),(234,'orange','2018-12-09 06:07:51','2018-12-09 06:07:51',1),(235,'chicken','2018-12-09 06:10:53','2018-12-09 06:10:53',1),(236,'orange','2018-12-09 06:10:53','2018-12-09 06:10:53',1),(237,'chicken','2018-12-09 06:12:58','2018-12-09 06:12:58',1),(238,'orange','2018-12-09 06:12:58','2018-12-09 06:12:58',1),(239,'chicken','2018-12-09 06:14:22','2018-12-09 06:14:22',1),(240,'orange','2018-12-09 06:14:22','2018-12-09 06:14:22',1),(241,'chicken','2018-12-09 06:15:52','2018-12-09 06:15:52',1),(242,'orange','2018-12-09 06:15:52','2018-12-09 06:15:52',1),(243,'orange','2018-12-09 06:16:48','2018-12-09 06:16:48',1),(244,'chicken','2018-12-09 06:18:10','2018-12-09 06:18:10',1),(245,'orange','2018-12-09 06:18:10','2018-12-09 06:18:10',1),(246,'chicken','2018-12-09 06:19:22','2018-12-09 06:19:22',1),(247,'orange','2018-12-09 06:19:22','2018-12-09 06:19:22',1),(248,'chicken','2018-12-09 06:20:41','2018-12-09 06:20:41',1),(249,'orange','2018-12-09 06:20:41','2018-12-09 06:20:41',1),(250,'chicken','2018-12-09 06:21:12','2018-12-09 06:21:12',1),(251,'orange','2018-12-09 06:21:12','2018-12-09 06:21:12',1),(252,'chicken','2018-12-09 06:21:30','2018-12-09 06:21:30',1),(253,'orange','2018-12-09 06:21:30','2018-12-09 06:21:30',1),(254,'  chicken  ','2018-12-09 06:21:43','2018-12-09 06:21:43',1),(255,'    chicken    ','2018-12-09 06:21:43','2018-12-09 06:21:43',1),(256,'chicken','2018-12-09 06:23:12','2018-12-09 06:23:12',1),(257,'orange','2018-12-09 06:23:12','2018-12-09 06:23:12',1),(258,'chicken','2018-12-09 06:25:13','2018-12-09 06:25:13',1),(259,'orange','2018-12-09 06:25:13','2018-12-09 06:25:13',1),(260,'chicken','2018-12-09 06:25:34','2018-12-09 06:25:34',1),(261,'orange','2018-12-09 06:25:34','2018-12-09 06:25:34',1),(262,'chicken','2018-12-09 06:26:23','2018-12-09 06:26:23',1),(263,'orange','2018-12-09 06:26:23','2018-12-09 06:26:23',1),(264,'chicken','2018-12-09 06:28:23','2018-12-09 06:28:23',1),(265,'orange','2018-12-09 06:28:23','2018-12-09 06:28:23',1),(266,'orange','2018-12-09 06:31:44','2018-12-09 06:31:44',1),(267,'chicken','2018-12-09 06:32:22','2018-12-09 06:32:22',1),(268,'orange','2018-12-09 06:32:22','2018-12-09 06:32:22',1),(269,'chicken','2018-12-09 06:34:11','2018-12-09 06:34:11',1),(270,'orange','2018-12-09 06:34:11','2018-12-09 06:34:11',1),(271,'chicken','2018-12-09 06:35:32','2018-12-09 06:35:32',1),(272,'orange','2018-12-09 06:35:32','2018-12-09 06:35:32',1),(273,'chicken','2018-12-09 06:36:42','2018-12-09 06:36:42',1),(274,'orange','2018-12-09 06:36:42','2018-12-09 06:36:42',1),(275,'chicken','2018-12-09 06:38:38','2018-12-09 06:38:38',1),(276,'orange','2018-12-09 06:38:38','2018-12-09 06:38:38',1),(277,'chicken','2018-12-09 13:43:57','2018-12-09 13:43:57',1),(278,'kale','2018-12-09 13:45:25','2018-12-09 13:45:25',1),(279,'beef','2018-12-09 13:46:47','2018-12-09 13:46:47',1),(280,'kale','2018-12-09 13:48:30','2018-12-09 13:48:30',1),(281,'kale','2018-12-09 13:50:30','2018-12-09 13:50:30',1),(282,'vodka','2018-12-09 14:38:31','2018-12-09 14:38:31',1),(283,'  chicken  ','2018-12-09 14:38:59','2018-12-09 14:38:59',1),(284,'    chicken    ','2018-12-09 14:38:59','2018-12-09 14:38:59',1),(285,'  pasta  ','2018-12-09 14:40:17','2018-12-09 14:40:17',1),(286,'  pasta  ','2018-12-09 14:42:17','2018-12-09 14:42:17',1),(287,'beef','2018-12-09 14:42:30','2018-12-09 14:42:30',1),(288,'beef','2018-12-09 14:50:31','2018-12-09 14:50:31',1),(289,'beef','2018-12-09 15:30:18','2018-12-09 15:30:18',1),(290,'beef','2018-12-09 15:59:14','2018-12-09 15:59:14',1),(291,'chicken','2018-12-09 16:00:58','2018-12-09 16:00:58',1),(292,'orange','2018-12-09 16:00:58','2018-12-09 16:00:58',1),(293,'tomato','2018-12-09 16:11:54','2018-12-09 16:11:54',1),(294,'tomato','2018-12-09 16:12:10','2018-12-09 16:12:10',1),(295,'tomato','2018-12-09 16:14:10','2018-12-09 16:14:10',1),(296,'kale','2018-12-09 16:17:22','2018-12-09 16:17:22',1);
/*!40000 ALTER TABLE `Searches` ENABLE KEYS */;
UNLOCK TABLES;

--
-- Table structure for table `Users`
--

DROP TABLE IF EXISTS `Users`;
/*!40101 SET @saved_cs_client     = @@character_set_client */;
/*!40101 SET character_set_client = utf8 */;
CREATE TABLE `Users` (
  `id` int(11) NOT NULL AUTO_INCREMENT,
  `name` varchar(255) NOT NULL,
  `email` varchar(255) NOT NULL,
  `createdAt` datetime NOT NULL,
  `updatedAt` datetime NOT NULL,
  PRIMARY KEY (`id`)
) ENGINE=InnoDB AUTO_INCREMENT=5 DEFAULT CHARSET=latin1;
/*!40101 SET character_set_client = @saved_cs_client */;

--
-- Dumping data for table `Users`
--

LOCK TABLES `Users` WRITE;
/*!40000 ALTER TABLE `Users` DISABLE KEYS */;
INSERT INTO `Users` VALUES (1,'Kyle','kylerosenmeyer@gmail.com','2018-12-05 04:19:59','2018-12-05 04:19:59'),(2,'Amber','asal@gmail.com','2018-12-05 05:18:29','2018-12-05 05:18:29'),(3,'Kyle','kylerosenmeyer@yahoo.com','2018-12-09 01:05:58','2018-12-09 01:05:58'),(4,'Amber Salcedo','asalcedo0210@gmail.com','2018-12-09 03:16:22','2018-12-09 03:16:22');
/*!40000 ALTER TABLE `Users` ENABLE KEYS */;
UNLOCK TABLES;

--
-- Table structure for table `recipeIngredients`
--

DROP TABLE IF EXISTS `recipeIngredients`;
/*!40101 SET @saved_cs_client     = @@character_set_client */;
/*!40101 SET character_set_client = utf8 */;
CREATE TABLE `recipeIngredients` (
  `id` int(11) NOT NULL AUTO_INCREMENT,
  `label` varchar(255) NOT NULL,
  `createdAt` datetime NOT NULL,
  `updatedAt` datetime NOT NULL,
  `RecipeId` int(11) DEFAULT NULL,
  PRIMARY KEY (`id`),
  KEY `RecipeId` (`RecipeId`),
  CONSTRAINT `recipeingredients_ibfk_1` FOREIGN KEY (`RecipeId`) REFERENCES `Recipes` (`id`) ON DELETE CASCADE ON UPDATE CASCADE
) ENGINE=InnoDB AUTO_INCREMENT=158 DEFAULT CHARSET=latin1;
/*!40101 SET character_set_client = @saved_cs_client */;

--
-- Dumping data for table `recipeIngredients`
--

LOCK TABLES `recipeIngredients` WRITE;
/*!40000 ALTER TABLE `recipeIngredients` DISABLE KEYS */;
INSERT INTO `recipeIngredients` VALUES (111,'1/3 cup mirin rice wine','2018-12-09 01:56:29','2018-12-09 01:56:29',24),(112,'1/3 cup sake','2018-12-09 01:56:29','2018-12-09 01:56:29',24),(113,'1/3 cup soy sauce (if cooking gluten-free, use gluten-free soy sauce)','2018-12-09 01:56:29','2018-12-09 01:56:29',24),(114,'1 Tbsp sugar','2018-12-09 01:56:29','2018-12-09 01:56:29',24),(115,'1 Tbsp fresh grated ginger','2018-12-09 01:56:29','2018-12-09 01:56:29',24),(116,'1 1/2 to 2 lb flank steak or skirt steak','2018-12-09 01:56:29','2018-12-09 01:56:29',24),(117,'Olive oil or canola oil','2018-12-09 01:56:29','2018-12-09 01:56:29',24),(118,'1 cup soy sauce (preferably low-sodium)','2018-12-09 01:56:29','2018-12-09 01:56:29',25),(119,'1 cup Coca-Cola','2018-12-09 01:56:29','2018-12-09 01:56:29',25),(120,'1/4 cup toasted sesame oil','2018-12-09 01:56:29','2018-12-09 01:56:29',25),(121,'1/4 cup hoisin sauce','2018-12-09 01:56:29','2018-12-09 01:56:29',25),(122,'4 cloves garlic, chopped','2018-12-09 01:56:29','2018-12-09 01:56:29',25),(123,'4 scallions, minced','2018-12-09 01:56:29','2018-12-09 01:56:29',25),(124,'2 rib-eye steaks (bone-in or boneless), or other steak, such as sirloin','2018-12-09 01:56:29','2018-12-09 01:56:29',25),(140,'100.0g bag watercress , roughly chopped','2018-12-09 06:40:32','2018-12-09 06:40:32',27),(141,'2.0 tbsp olive oil','2018-12-09 06:40:32','2018-12-09 06:40:32',27),(142,'150.0g pack green beans , trimmed','2018-12-09 06:40:32','2018-12-09 06:40:32',27),(143,'2 oranges','2018-12-09 06:40:32','2018-12-09 06:40:32',27),(144,'1 large avocado','2018-12-09 06:40:32','2018-12-09 06:40:32',27),(145,'2 cooked chicken breasts , shredded','2018-12-09 06:40:32','2018-12-09 06:40:32',27),(146,'1 fennel bulb','2018-12-09 06:40:32','2018-12-09 06:40:32',27),(155,'2 bunches lacinato kale (also known as black, dinosaur, or Tuscan kale)','2018-12-09 16:17:28','2018-12-09 16:17:28',30),(156,'2 tablespoons extra-virgin olive oil','2018-12-09 16:17:28','2018-12-09 16:17:28',30),(157,'Kosher salt','2018-12-09 16:17:28','2018-12-09 16:17:28',30);
/*!40000 ALTER TABLE `recipeIngredients` ENABLE KEYS */;
UNLOCK TABLES;
/*!40103 SET TIME_ZONE=@OLD_TIME_ZONE */;

/*!40101 SET SQL_MODE=@OLD_SQL_MODE */;
/*!40014 SET FOREIGN_KEY_CHECKS=@OLD_FOREIGN_KEY_CHECKS */;
/*!40014 SET UNIQUE_CHECKS=@OLD_UNIQUE_CHECKS */;
/*!40101 SET CHARACTER_SET_CLIENT=@OLD_CHARACTER_SET_CLIENT */;
/*!40101 SET CHARACTER_SET_RESULTS=@OLD_CHARACTER_SET_RESULTS */;
/*!40101 SET COLLATION_CONNECTION=@OLD_COLLATION_CONNECTION */;
/*!40111 SET SQL_NOTES=@OLD_SQL_NOTES */;

-- Dump completed on 2018-12-09 13:00:29
